{"cameraMode":{"drawMode":0,"name":"Shaded","section":"Shading Mode"},"sceneLighting":true,"audioPlay":false,"sceneViewState":{"m_AlwaysRefresh":false,"showFog":true,"showSkybox":true,"showFlares":true,"showImageEffects":true,"showParticleSystems":true,"showVisualEffectGraphs":true,"m_FxEnabled":true},"in2DMode":false,"pivot":{"x":25.19682502746582,"y":10.762493133544922,"z":450.184326171875},"rotation":{"x":-0.024299239739775659,"y":-0.02607804536819458,"z":0.0006315655773505569,"w":-0.9993687868118286},"size":264.2646179199219,"orthographic":false}