{"cameraMode":{"drawMode":0,"name":"Shaded","section":"Shading Mode"},"sceneLighting":true,"audioPlay":false,"sceneViewState":{"m_AlwaysRefresh":false,"showFog":true,"showSkybox":true,"showFlares":true,"showImageEffects":true,"showParticleSystems":true,"showVisualEffectGraphs":true,"m_FxEnabled":true},"in2DMode":false,"pivot":{"x":196.91793823242188,"y":106.68601989746094,"z":0.188007652759552},"rotation":{"x":-0.033292435109615329,"y":-0.026071254163980485,"z":0.0008660130552016199,"w":-0.9991093277931213},"size":264.2646179199219,"orthographic":false}