{"cameraMode":{"drawMode":0,"name":"Shaded","section":"Shading Mode"},"sceneLighting":true,"audioPlay":false,"sceneViewState":{"m_AlwaysRefresh":false,"showFog":true,"showSkybox":true,"showFlares":true,"showImageEffects":true,"showParticleSystems":true,"showVisualEffectGraphs":true,"m_FxEnabled":true},"in2DMode":false,"pivot":{"x":289.5370178222656,"y":34.555572509765628,"z":33.38197708129883},"rotation":{"x":-0.1423204392194748,"y":0.009810180403292179,"z":-0.001411597477272153,"w":-0.9897860884666443},"size":283.86614990234377,"orthographic":false}